<?xml version="1.0" encoding="UTF-8"?>
<export version="E">
  <design>
    <source>D:\UCT\OneDrive - University of Cape Town\EEE4022S\PCB\draft1\radarV2\radarV2.kicad_sch</source>
    <date>2024/09/08 10:27:29</date>
    <tool>Eeschema (7.0.0)</tool>
    <sheet number="1" name="/" tstamps="/">
      <title_block>
        <title/>
        <company/>
        <rev/>
        <date/>
        <source>radarV2.kicad_sch</source>
        <comment number="1" value=""/>
        <comment number="2" value=""/>
        <comment number="3" value=""/>
        <comment number="4" value=""/>
        <comment number="5" value=""/>
        <comment number="6" value=""/>
        <comment number="7" value=""/>
        <comment number="8" value=""/>
        <comment number="9" value=""/>
      </title_block>
    </sheet>
  </design>
  <components>
    <comp ref="C1">
      <value>6.8n</value>
      <libsource lib="Device" part="C" description="Unpolarized capacitor"/>
      <property name="Sheetname" value=""/>
      <property name="Sheetfile" value="radarV2.kicad_sch"/>
      <property name="ki_description" value="Unpolarized capacitor"/>
      <property name="ki_keywords" value="cap capacitor"/>
      <sheetpath names="/" tstamps="/"/>
      <tstamps>f72e71c1-adfd-4888-93b4-03874977c22e</tstamps>
    </comp>
    <comp ref="C2">
      <value>22p</value>
      <libsource lib="Device" part="C" description="Unpolarized capacitor"/>
      <property name="Sheetname" value=""/>
      <property name="Sheetfile" value="radarV2.kicad_sch"/>
      <property name="ki_description" value="Unpolarized capacitor"/>
      <property name="ki_keywords" value="cap capacitor"/>
      <sheetpath names="/" tstamps="/"/>
      <tstamps>41a42fad-d934-4af3-82b7-21b7c4980dfc</tstamps>
    </comp>
    <comp ref="C3">
      <value>6.8n</value>
      <libsource lib="Device" part="C" description="Unpolarized capacitor"/>
      <property name="Sheetname" value=""/>
      <property name="Sheetfile" value="radarV2.kicad_sch"/>
      <property name="ki_description" value="Unpolarized capacitor"/>
      <property name="ki_keywords" value="cap capacitor"/>
      <sheetpath names="/" tstamps="/"/>
      <tstamps>39e82b88-f549-4e43-bbcf-1b44b1af7a0b</tstamps>
    </comp>
    <comp ref="C4">
      <value>22p</value>
      <libsource lib="Device" part="C" description="Unpolarized capacitor"/>
      <property name="Sheetname" value=""/>
      <property name="Sheetfile" value="radarV2.kicad_sch"/>
      <property name="ki_description" value="Unpolarized capacitor"/>
      <property name="ki_keywords" value="cap capacitor"/>
      <sheetpath names="/" tstamps="/"/>
      <tstamps>7f5cb4bb-a522-421d-b908-045c6d86509b</tstamps>
    </comp>
    <comp ref="C5">
      <value>6.8n</value>
      <libsource lib="Device" part="C" description="Unpolarized capacitor"/>
      <property name="Sheetname" value=""/>
      <property name="Sheetfile" value="radarV2.kicad_sch"/>
      <property name="ki_description" value="Unpolarized capacitor"/>
      <property name="ki_keywords" value="cap capacitor"/>
      <sheetpath names="/" tstamps="/"/>
      <tstamps>d963b8ae-83f1-4c99-9b61-2fbb51866a96</tstamps>
    </comp>
    <comp ref="C6">
      <value>22p</value>
      <libsource lib="Device" part="C" description="Unpolarized capacitor"/>
      <property name="Sheetname" value=""/>
      <property name="Sheetfile" value="radarV2.kicad_sch"/>
      <property name="ki_description" value="Unpolarized capacitor"/>
      <property name="ki_keywords" value="cap capacitor"/>
      <sheetpath names="/" tstamps="/"/>
      <tstamps>05e647b6-9566-4ca5-b784-d3523f5966d8</tstamps>
    </comp>
    <comp ref="C7">
      <value>6.8n</value>
      <libsource lib="Device" part="C" description="Unpolarized capacitor"/>
      <property name="Sheetname" value=""/>
      <property name="Sheetfile" value="radarV2.kicad_sch"/>
      <property name="ki_description" value="Unpolarized capacitor"/>
      <property name="ki_keywords" value="cap capacitor"/>
      <sheetpath names="/" tstamps="/"/>
      <tstamps>2da6ae37-cd54-4882-ad72-0e7e26c222d5</tstamps>
    </comp>
    <comp ref="C8">
      <value>22p</value>
      <libsource lib="Device" part="C" description="Unpolarized capacitor"/>
      <property name="Sheetname" value=""/>
      <property name="Sheetfile" value="radarV2.kicad_sch"/>
      <property name="ki_description" value="Unpolarized capacitor"/>
      <property name="ki_keywords" value="cap capacitor"/>
      <sheetpath names="/" tstamps="/"/>
      <tstamps>cb7dfe8d-6909-491a-8263-3063d7dfe311</tstamps>
    </comp>
    <comp ref="C9">
      <value>10u</value>
      <libsource lib="Device" part="C" description="Unpolarized capacitor"/>
      <property name="Sheetname" value=""/>
      <property name="Sheetfile" value="radarV2.kicad_sch"/>
      <property name="ki_description" value="Unpolarized capacitor"/>
      <property name="ki_keywords" value="cap capacitor"/>
      <sheetpath names="/" tstamps="/"/>
      <tstamps>8c9b587c-ef33-456d-a0ad-6637a95f7f44</tstamps>
    </comp>
    <comp ref="C10">
      <value>10u</value>
      <libsource lib="Device" part="C" description="Unpolarized capacitor"/>
      <property name="Sheetname" value=""/>
      <property name="Sheetfile" value="radarV2.kicad_sch"/>
      <property name="ki_description" value="Unpolarized capacitor"/>
      <property name="ki_keywords" value="cap capacitor"/>
      <sheetpath names="/" tstamps="/"/>
      <tstamps>3c1a0cf1-7439-401e-ac4d-884689fbba1d</tstamps>
    </comp>
    <comp ref="C11">
      <value>2.2n</value>
      <libsource lib="Device" part="C" description="Unpolarized capacitor"/>
      <property name="Sheetname" value=""/>
      <property name="Sheetfile" value="radarV2.kicad_sch"/>
      <property name="ki_description" value="Unpolarized capacitor"/>
      <property name="ki_keywords" value="cap capacitor"/>
      <sheetpath names="/" tstamps="/"/>
      <tstamps>5815750f-4979-444e-a562-05b057e09e31</tstamps>
    </comp>
    <comp ref="C12">
      <value>2.2n</value>
      <libsource lib="Device" part="C" description="Unpolarized capacitor"/>
      <property name="Sheetname" value=""/>
      <property name="Sheetfile" value="radarV2.kicad_sch"/>
      <property name="ki_description" value="Unpolarized capacitor"/>
      <property name="ki_keywords" value="cap capacitor"/>
      <sheetpath names="/" tstamps="/"/>
      <tstamps>1e004a32-615e-444a-8734-c6469eb6d699</tstamps>
    </comp>
    <comp ref="J1">
      <value>Conn_01x03_Socket</value>
      <libsource lib="Connector" part="Conn_01x03_Socket" description="Generic connector, single row, 01x03, script generated"/>
      <property name="Sheetname" value=""/>
      <property name="Sheetfile" value="radarV2.kicad_sch"/>
      <property name="ki_description" value="Generic connector, single row, 01x03, script generated"/>
      <property name="ki_keywords" value="connector"/>
      <sheetpath names="/" tstamps="/"/>
      <tstamps>1d9922f6-c046-46c8-ad42-e5a0d28c1eaf</tstamps>
    </comp>
    <comp ref="J2">
      <value>Conn_01x03_Socket</value>
      <libsource lib="Connector" part="Conn_01x03_Socket" description="Generic connector, single row, 01x03, script generated"/>
      <property name="Sheetname" value=""/>
      <property name="Sheetfile" value="radarV2.kicad_sch"/>
      <property name="ki_description" value="Generic connector, single row, 01x03, script generated"/>
      <property name="ki_keywords" value="connector"/>
      <sheetpath names="/" tstamps="/"/>
      <tstamps>c63b5c65-e637-4af1-8ad2-53ecace02345</tstamps>
    </comp>
    <comp ref="J3">
      <value>Conn_01x02_Socket</value>
      <libsource lib="Connector" part="Conn_01x02_Socket" description="Generic connector, single row, 01x02, script generated"/>
      <property name="Sheetname" value=""/>
      <property name="Sheetfile" value="radarV2.kicad_sch"/>
      <property name="ki_description" value="Generic connector, single row, 01x02, script generated"/>
      <property name="ki_keywords" value="connector"/>
      <sheetpath names="/" tstamps="/"/>
      <tstamps>a89cf70a-0e50-4ebb-b8ea-35d4e87faef5</tstamps>
    </comp>
    <comp ref="J4">
      <value>Conn_01x05_Socket</value>
      <libsource lib="Connector" part="Conn_01x05_Socket" description="Generic connector, single row, 01x05, script generated"/>
      <property name="Sheetname" value=""/>
      <property name="Sheetfile" value="radarV2.kicad_sch"/>
      <property name="ki_description" value="Generic connector, single row, 01x05, script generated"/>
      <property name="ki_keywords" value="connector"/>
      <sheetpath names="/" tstamps="/"/>
      <tstamps>016612ea-9e6b-4355-aa19-3fcf2da8fd0b</tstamps>
    </comp>
    <comp ref="J5">
      <value>Conn_01x03_Socket</value>
      <libsource lib="Connector" part="Conn_01x03_Socket" description="Generic connector, single row, 01x03, script generated"/>
      <property name="Sheetname" value=""/>
      <property name="Sheetfile" value="radarV2.kicad_sch"/>
      <property name="ki_description" value="Generic connector, single row, 01x03, script generated"/>
      <property name="ki_keywords" value="connector"/>
      <sheetpath names="/" tstamps="/"/>
      <tstamps>0c7722d0-8f93-470f-a771-991809bf1d51</tstamps>
    </comp>
    <comp ref="J6">
      <value>Conn_01x03_Socket</value>
      <libsource lib="Connector" part="Conn_01x03_Socket" description="Generic connector, single row, 01x03, script generated"/>
      <property name="Sheetname" value=""/>
      <property name="Sheetfile" value="radarV2.kicad_sch"/>
      <property name="ki_description" value="Generic connector, single row, 01x03, script generated"/>
      <property name="ki_keywords" value="connector"/>
      <sheetpath names="/" tstamps="/"/>
      <tstamps>5b999e8c-1f64-4477-91f0-807fe06d0846</tstamps>
    </comp>
    <comp ref="J7">
      <value>Conn_01x03_Socket</value>
      <libsource lib="Connector" part="Conn_01x03_Socket" description="Generic connector, single row, 01x03, script generated"/>
      <property name="Sheetname" value=""/>
      <property name="Sheetfile" value="radarV2.kicad_sch"/>
      <property name="ki_description" value="Generic connector, single row, 01x03, script generated"/>
      <property name="ki_keywords" value="connector"/>
      <sheetpath names="/" tstamps="/"/>
      <tstamps>0c871fa6-ac41-4e42-8f44-1483399316fc</tstamps>
    </comp>
    <comp ref="J9">
      <value>Conn_01x03_Socket</value>
      <libsource lib="Connector" part="Conn_01x03_Socket" description="Generic connector, single row, 01x03, script generated"/>
      <property name="Sheetname" value=""/>
      <property name="Sheetfile" value="radarV2.kicad_sch"/>
      <property name="ki_description" value="Generic connector, single row, 01x03, script generated"/>
      <property name="ki_keywords" value="connector"/>
      <sheetpath names="/" tstamps="/"/>
      <tstamps>f7b38a44-1a85-460f-a48e-a7c8a01e570f</tstamps>
    </comp>
    <comp ref="J10">
      <value>Conn_02x04_Odd_Even</value>
      <libsource lib="Connector_Generic" part="Conn_02x04_Odd_Even" description="Generic connector, double row, 02x04, odd/even pin numbering scheme (row 1 odd numbers, row 2 even numbers), script generated (kicad-library-utils/schlib/autogen/connector/)"/>
      <property name="Sheetname" value=""/>
      <property name="Sheetfile" value="radarV2.kicad_sch"/>
      <property name="ki_description" value="Generic connector, double row, 02x04, odd/even pin numbering scheme (row 1 odd numbers, row 2 even numbers), script generated (kicad-library-utils/schlib/autogen/connector/)"/>
      <property name="ki_keywords" value="connector"/>
      <sheetpath names="/" tstamps="/"/>
      <tstamps>09c0f25f-65fb-475e-8c56-e243ea01d219</tstamps>
    </comp>
    <comp ref="R1">
      <value>10k</value>
      <libsource lib="Device" part="R" description="Resistor"/>
      <property name="Sheetname" value=""/>
      <property name="Sheetfile" value="radarV2.kicad_sch"/>
      <property name="ki_description" value="Resistor"/>
      <property name="ki_keywords" value="R res resistor"/>
      <sheetpath names="/" tstamps="/"/>
      <tstamps>a362c4ef-9725-4f82-a51e-e24d238d2e94</tstamps>
    </comp>
    <comp ref="R2">
      <value>10k</value>
      <libsource lib="Device" part="R" description="Resistor"/>
      <property name="Sheetname" value=""/>
      <property name="Sheetfile" value="radarV2.kicad_sch"/>
      <property name="ki_description" value="Resistor"/>
      <property name="ki_keywords" value="R res resistor"/>
      <sheetpath names="/" tstamps="/"/>
      <tstamps>e4d29fe6-aefb-4946-afdc-38d63d832cec</tstamps>
    </comp>
    <comp ref="R3">
      <value>1.2k</value>
      <libsource lib="Device" part="R" description="Resistor"/>
      <property name="Sheetname" value=""/>
      <property name="Sheetfile" value="radarV2.kicad_sch"/>
      <property name="ki_description" value="Resistor"/>
      <property name="ki_keywords" value="R res resistor"/>
      <sheetpath names="/" tstamps="/"/>
      <tstamps>c70d1750-b3cb-4e72-b3d8-82d7e08e46fb</tstamps>
    </comp>
    <comp ref="R4">
      <value>120k</value>
      <libsource lib="Device" part="R" description="Resistor"/>
      <property name="Sheetname" value=""/>
      <property name="Sheetfile" value="radarV2.kicad_sch"/>
      <property name="ki_description" value="Resistor"/>
      <property name="ki_keywords" value="R res resistor"/>
      <sheetpath names="/" tstamps="/"/>
      <tstamps>84525709-2160-4ee8-8659-1d9218f7869b</tstamps>
    </comp>
    <comp ref="R5">
      <value>120k</value>
      <libsource lib="Device" part="R" description="Resistor"/>
      <property name="Sheetname" value=""/>
      <property name="Sheetfile" value="radarV2.kicad_sch"/>
      <property name="ki_description" value="Resistor"/>
      <property name="ki_keywords" value="R res resistor"/>
      <sheetpath names="/" tstamps="/"/>
      <tstamps>daf830c4-7b9d-499d-a3c0-2578863e97d7</tstamps>
    </comp>
    <comp ref="R6">
      <value>1.2k</value>
      <libsource lib="Device" part="R" description="Resistor"/>
      <property name="Sheetname" value=""/>
      <property name="Sheetfile" value="radarV2.kicad_sch"/>
      <property name="ki_description" value="Resistor"/>
      <property name="ki_keywords" value="R res resistor"/>
      <sheetpath names="/" tstamps="/"/>
      <tstamps>37374434-59e8-4a65-9098-e50ec1c68309</tstamps>
    </comp>
    <comp ref="R7">
      <value>10k</value>
      <libsource lib="Device" part="R" description="Resistor"/>
      <property name="Sheetname" value=""/>
      <property name="Sheetfile" value="radarV2.kicad_sch"/>
      <property name="ki_description" value="Resistor"/>
      <property name="ki_keywords" value="R res resistor"/>
      <sheetpath names="/" tstamps="/"/>
      <tstamps>6488a490-304b-4867-8808-c451d10b67df</tstamps>
    </comp>
    <comp ref="R8">
      <value>10k</value>
      <libsource lib="Device" part="R" description="Resistor"/>
      <property name="Sheetname" value=""/>
      <property name="Sheetfile" value="radarV2.kicad_sch"/>
      <property name="ki_description" value="Resistor"/>
      <property name="ki_keywords" value="R res resistor"/>
      <sheetpath names="/" tstamps="/"/>
      <tstamps>b90d0336-f13f-473a-a82f-e579da36ffac</tstamps>
    </comp>
    <comp ref="R9">
      <value>1.2k</value>
      <libsource lib="Device" part="R" description="Resistor"/>
      <property name="Sheetname" value=""/>
      <property name="Sheetfile" value="radarV2.kicad_sch"/>
      <property name="ki_description" value="Resistor"/>
      <property name="ki_keywords" value="R res resistor"/>
      <sheetpath names="/" tstamps="/"/>
      <tstamps>495f9e99-9046-459f-910a-99370b5bba2e</tstamps>
    </comp>
    <comp ref="R10">
      <value>10k</value>
      <libsource lib="Device" part="R" description="Resistor"/>
      <property name="Sheetname" value=""/>
      <property name="Sheetfile" value="radarV2.kicad_sch"/>
      <property name="ki_description" value="Resistor"/>
      <property name="ki_keywords" value="R res resistor"/>
      <sheetpath names="/" tstamps="/"/>
      <tstamps>493940b8-5e9e-4359-a5ff-587823462e7c</tstamps>
    </comp>
    <comp ref="R11">
      <value>10k</value>
      <libsource lib="Device" part="R" description="Resistor"/>
      <property name="Sheetname" value=""/>
      <property name="Sheetfile" value="radarV2.kicad_sch"/>
      <property name="ki_description" value="Resistor"/>
      <property name="ki_keywords" value="R res resistor"/>
      <sheetpath names="/" tstamps="/"/>
      <tstamps>899facd2-cd11-4029-8faf-32bd3885dde2</tstamps>
    </comp>
    <comp ref="R12">
      <value>120k</value>
      <libsource lib="Device" part="R" description="Resistor"/>
      <property name="Sheetname" value=""/>
      <property name="Sheetfile" value="radarV2.kicad_sch"/>
      <property name="ki_description" value="Resistor"/>
      <property name="ki_keywords" value="R res resistor"/>
      <sheetpath names="/" tstamps="/"/>
      <tstamps>27589dc3-df3b-4954-bd8c-cdf4cb6899ed</tstamps>
    </comp>
    <comp ref="R13">
      <value>10k</value>
      <libsource lib="Device" part="R" description="Resistor"/>
      <property name="Sheetname" value=""/>
      <property name="Sheetfile" value="radarV2.kicad_sch"/>
      <property name="ki_description" value="Resistor"/>
      <property name="ki_keywords" value="R res resistor"/>
      <sheetpath names="/" tstamps="/"/>
      <tstamps>62431861-7a8c-4787-a7cb-d789de99ba16</tstamps>
    </comp>
    <comp ref="R14">
      <value>10k</value>
      <libsource lib="Device" part="R" description="Resistor"/>
      <property name="Sheetname" value=""/>
      <property name="Sheetfile" value="radarV2.kicad_sch"/>
      <property name="ki_description" value="Resistor"/>
      <property name="ki_keywords" value="R res resistor"/>
      <sheetpath names="/" tstamps="/"/>
      <tstamps>c774022d-5282-46f1-b24b-b845feac2b13</tstamps>
    </comp>
    <comp ref="R15">
      <value>1.2k</value>
      <libsource lib="Device" part="R" description="Resistor"/>
      <property name="Sheetname" value=""/>
      <property name="Sheetfile" value="radarV2.kicad_sch"/>
      <property name="ki_description" value="Resistor"/>
      <property name="ki_keywords" value="R res resistor"/>
      <sheetpath names="/" tstamps="/"/>
      <tstamps>6fe3c2de-25c7-472f-bf44-53fd965f532c</tstamps>
    </comp>
    <comp ref="R16">
      <value>120k</value>
      <libsource lib="Device" part="R" description="Resistor"/>
      <property name="Sheetname" value=""/>
      <property name="Sheetfile" value="radarV2.kicad_sch"/>
      <property name="ki_description" value="Resistor"/>
      <property name="ki_keywords" value="R res resistor"/>
      <sheetpath names="/" tstamps="/"/>
      <tstamps>07382cfc-620c-4e31-87ee-66be2d1472c3</tstamps>
    </comp>
    <comp ref="R17">
      <value>10k</value>
      <libsource lib="Device" part="R" description="Resistor"/>
      <property name="Sheetname" value=""/>
      <property name="Sheetfile" value="radarV2.kicad_sch"/>
      <property name="ki_description" value="Resistor"/>
      <property name="ki_keywords" value="R res resistor"/>
      <sheetpath names="/" tstamps="/"/>
      <tstamps>4a290ecf-5a34-4a77-a0ef-6c287580ae65</tstamps>
    </comp>
    <comp ref="R18">
      <value>10k</value>
      <libsource lib="Device" part="R" description="Resistor"/>
      <property name="Sheetname" value=""/>
      <property name="Sheetfile" value="radarV2.kicad_sch"/>
      <property name="ki_description" value="Resistor"/>
      <property name="ki_keywords" value="R res resistor"/>
      <sheetpath names="/" tstamps="/"/>
      <tstamps>b5a38a54-e65c-4d47-b6c7-88841b3e3ec8</tstamps>
    </comp>
    <comp ref="R19">
      <value>10</value>
      <libsource lib="Device" part="R" description="Resistor"/>
      <property name="Sheetname" value=""/>
      <property name="Sheetfile" value="radarV2.kicad_sch"/>
      <property name="ki_description" value="Resistor"/>
      <property name="ki_keywords" value="R res resistor"/>
      <sheetpath names="/" tstamps="/"/>
      <tstamps>7ba018a6-1b0a-4376-8ab5-62b6cb985248</tstamps>
    </comp>
    <comp ref="R21">
      <value>1k</value>
      <libsource lib="Device" part="R" description="Resistor"/>
      <property name="Sheetname" value=""/>
      <property name="Sheetfile" value="radarV2.kicad_sch"/>
      <property name="ki_description" value="Resistor"/>
      <property name="ki_keywords" value="R res resistor"/>
      <sheetpath names="/" tstamps="/"/>
      <tstamps>e4d8c175-9c13-4056-92d5-e3646b511df6</tstamps>
    </comp>
    <comp ref="R22">
      <value>1.8k</value>
      <libsource lib="Device" part="R" description="Resistor"/>
      <property name="Sheetname" value=""/>
      <property name="Sheetfile" value="radarV2.kicad_sch"/>
      <property name="ki_description" value="Resistor"/>
      <property name="ki_keywords" value="R res resistor"/>
      <sheetpath names="/" tstamps="/"/>
      <tstamps>2fd74e62-f88f-4be1-9669-3ab559f15d17</tstamps>
    </comp>
    <comp ref="R23">
      <value>20k</value>
      <libsource lib="Device" part="R" description="Resistor"/>
      <property name="Sheetname" value=""/>
      <property name="Sheetfile" value="radarV2.kicad_sch"/>
      <property name="ki_description" value="Resistor"/>
      <property name="ki_keywords" value="R res resistor"/>
      <sheetpath names="/" tstamps="/"/>
      <tstamps>c759fd77-82bd-49d7-9cad-4ba1beb8130a</tstamps>
    </comp>
    <comp ref="R24">
      <value>11k</value>
      <libsource lib="Device" part="R" description="Resistor"/>
      <property name="Sheetname" value=""/>
      <property name="Sheetfile" value="radarV2.kicad_sch"/>
      <property name="ki_description" value="Resistor"/>
      <property name="ki_keywords" value="R res resistor"/>
      <sheetpath names="/" tstamps="/"/>
      <tstamps>1b0fd954-3f1f-48c7-aa0e-e1219d1b81e9</tstamps>
    </comp>
    <comp ref="R25">
      <value>3k</value>
      <libsource lib="Device" part="R" description="Resistor"/>
      <property name="Sheetname" value=""/>
      <property name="Sheetfile" value="radarV2.kicad_sch"/>
      <property name="ki_description" value="Resistor"/>
      <property name="ki_keywords" value="R res resistor"/>
      <sheetpath names="/" tstamps="/"/>
      <tstamps>8e219694-cbfd-4c6b-96e7-8120c4212a0d</tstamps>
    </comp>
    <comp ref="R26">
      <value>1.2k</value>
      <libsource lib="Device" part="R" description="Resistor"/>
      <property name="Sheetname" value=""/>
      <property name="Sheetfile" value="radarV2.kicad_sch"/>
      <property name="ki_description" value="Resistor"/>
      <property name="ki_keywords" value="R res resistor"/>
      <sheetpath names="/" tstamps="/"/>
      <tstamps>20ec1b3c-c544-48ce-8a9c-076a34fe05c8</tstamps>
    </comp>
    <comp ref="R27">
      <value>1.2k</value>
      <libsource lib="Device" part="R" description="Resistor"/>
      <property name="Sheetname" value=""/>
      <property name="Sheetfile" value="radarV2.kicad_sch"/>
      <property name="ki_description" value="Resistor"/>
      <property name="ki_keywords" value="R res resistor"/>
      <sheetpath names="/" tstamps="/"/>
      <tstamps>a7d30324-740e-4ab4-b9fe-ec8f16cef9c9</tstamps>
    </comp>
    <comp ref="R28">
      <value>1.8k</value>
      <libsource lib="Device" part="R" description="Resistor"/>
      <property name="Sheetname" value=""/>
      <property name="Sheetfile" value="radarV2.kicad_sch"/>
      <property name="ki_description" value="Resistor"/>
      <property name="ki_keywords" value="R res resistor"/>
      <sheetpath names="/" tstamps="/"/>
      <tstamps>ce16bfb2-58b2-42a3-92b1-600ec0c11fc7</tstamps>
    </comp>
    <comp ref="R29">
      <value>240</value>
      <libsource lib="Device" part="R" description="Resistor"/>
      <property name="Sheetname" value=""/>
      <property name="Sheetfile" value="radarV2.kicad_sch"/>
      <property name="ki_description" value="Resistor"/>
      <property name="ki_keywords" value="R res resistor"/>
      <sheetpath names="/" tstamps="/"/>
      <tstamps>17dd3696-3ad8-40f3-8f6a-ffb4287e9239</tstamps>
    </comp>
    <comp ref="R30">
      <value>390</value>
      <libsource lib="Device" part="R" description="Resistor"/>
      <property name="Sheetname" value=""/>
      <property name="Sheetfile" value="radarV2.kicad_sch"/>
      <property name="ki_description" value="Resistor"/>
      <property name="ki_keywords" value="R res resistor"/>
      <sheetpath names="/" tstamps="/"/>
      <tstamps>5b3dfba3-4397-4907-8c36-6b26528ae055</tstamps>
    </comp>
    <comp ref="U1">
      <value>MC33079</value>
      <datasheet>https://www.onsemi.com/pub/Collateral/MC33078-D.PDF</datasheet>
      <libsource lib="Amplifier_Operational" part="MC33079" description="Low Noise, Quad Operational Amplifiers, DIP-14/SOIC-14"/>
      <property name="Sheetname" value=""/>
      <property name="Sheetfile" value="radarV2.kicad_sch"/>
      <property name="ki_description" value="Low Noise, Quad Operational Amplifiers, DIP-14/SOIC-14"/>
      <property name="ki_keywords" value="quad opamp"/>
      <sheetpath names="/" tstamps="/"/>
      <tstamps>d67a2184-4d9e-4cce-b54a-a58d07f33dba 9da69b10-1b30-4a37-b9b8-5a7268f74508 3f322dac-21f9-4e10-83ac-e420d3c811ff c11269e9-3065-4e39-aeb7-679aef44bf4c 2aeae304-0edf-4ef8-9b17-d64a3cdab1d6</tstamps>
    </comp>
    <comp ref="U2">
      <value>MC33079</value>
      <footprint>MC33079P:DIL14</footprint>
      <datasheet>https://www.onsemi.com/pub/Collateral/MC33078-D.PDF</datasheet>
      <libsource lib="Amplifier_Operational" part="MC33079" description="Low Noise, Quad Operational Amplifiers, DIP-14/SOIC-14"/>
      <property name="Sheetname" value=""/>
      <property name="Sheetfile" value="radarV2.kicad_sch"/>
      <property name="ki_description" value="Low Noise, Quad Operational Amplifiers, DIP-14/SOIC-14"/>
      <property name="ki_keywords" value="quad opamp"/>
      <sheetpath names="/" tstamps="/"/>
      <tstamps>be71e199-4b7c-4608-951c-22be696d4a8d</tstamps>
    </comp>
    <comp ref="U3">
      <value>TL082</value>
      <datasheet>http://www.ti.com/lit/ds/symlink/tl081.pdf</datasheet>
      <libsource lib="Amplifier_Operational" part="TL082" description="Dual JFET-Input Operational Amplifiers, DIP-8/SOIC-8/SSOP-8"/>
      <property name="Sheetname" value=""/>
      <property name="Sheetfile" value="radarV2.kicad_sch"/>
      <property name="ki_description" value="Dual JFET-Input Operational Amplifiers, DIP-8/SOIC-8/SSOP-8"/>
      <property name="ki_keywords" value="dual opamp"/>
      <sheetpath names="/" tstamps="/"/>
      <tstamps>ceb92e6f-d25d-4c53-9255-9fc6c31708dd 48659960-8c62-4790-816e-2680887f32d3 1ed1a9d9-9030-4ec1-a6c2-6d10e26c4902</tstamps>
    </comp>
    <comp ref="U4">
      <value>TL082</value>
      <datasheet>http://www.ti.com/lit/ds/symlink/tl081.pdf</datasheet>
      <libsource lib="Amplifier_Operational" part="TL082" description="Dual JFET-Input Operational Amplifiers, DIP-8/SOIC-8/SSOP-8"/>
      <property name="Sheetname" value=""/>
      <property name="Sheetfile" value="radarV2.kicad_sch"/>
      <property name="ki_description" value="Dual JFET-Input Operational Amplifiers, DIP-8/SOIC-8/SSOP-8"/>
      <property name="ki_keywords" value="dual opamp"/>
      <sheetpath names="/" tstamps="/"/>
      <tstamps>8123f151-69fe-4bcb-bf43-ae7c861c678a c39169b4-e3db-4fe8-9abb-2256b8ce3e7c 300b2db9-1b6c-4de6-8cad-77a27cce1a19</tstamps>
    </comp>
  </components>
  <libparts>
    <libpart lib="Amplifier_Operational" part="MC33079">
      <description>Low Noise, Quad Operational Amplifiers, DIP-14/SOIC-14</description>
      <docs>https://www.onsemi.com/pub/Collateral/MC33078-D.PDF</docs>
      <footprints>
        <fp>SOIC*3.9x8.7mm*P1.27mm*</fp>
        <fp>DIP*W7.62mm*</fp>
        <fp>TSSOP*4.4x5mm*P0.65mm*</fp>
        <fp>SSOP*5.3x6.2mm*P0.65mm*</fp>
        <fp>MSOP*3x3mm*P0.5mm*</fp>
      </footprints>
      <fields>
        <field name="Reference">U</field>
        <field name="Value">MC33079</field>
        <field name="Datasheet">https://www.onsemi.com/pub/Collateral/MC33078-D.PDF</field>
      </fields>
      <pins>
        <pin num="1" name="" type="output"/>
        <pin num="2" name="-" type="input"/>
        <pin num="3" name="+" type="input"/>
        <pin num="4" name="V+" type="power_in"/>
        <pin num="5" name="+" type="input"/>
        <pin num="6" name="-" type="input"/>
        <pin num="7" name="" type="output"/>
        <pin num="8" name="" type="output"/>
        <pin num="9" name="-" type="input"/>
        <pin num="10" name="+" type="input"/>
        <pin num="11" name="V-" type="power_in"/>
        <pin num="12" name="+" type="input"/>
        <pin num="13" name="-" type="input"/>
        <pin num="14" name="" type="output"/>
      </pins>
    </libpart>
    <libpart lib="Amplifier_Operational" part="TL082">
      <description>Dual JFET-Input Operational Amplifiers, DIP-8/SOIC-8/SSOP-8</description>
      <docs>http://www.ti.com/lit/ds/symlink/tl081.pdf</docs>
      <footprints>
        <fp>SOIC*3.9x4.9mm*P1.27mm*</fp>
        <fp>DIP*W7.62mm*</fp>
        <fp>TO*99*</fp>
        <fp>OnSemi*Micro8*</fp>
        <fp>TSSOP*3x3mm*P0.65mm*</fp>
        <fp>TSSOP*4.4x3mm*P0.65mm*</fp>
        <fp>MSOP*3x3mm*P0.65mm*</fp>
        <fp>SSOP*3.9x4.9mm*P0.635mm*</fp>
        <fp>LFCSP*2x2mm*P0.5mm*</fp>
        <fp>*SIP*</fp>
        <fp>SOIC*5.3x6.2mm*P1.27mm*</fp>
      </footprints>
      <fields>
        <field name="Reference">U</field>
        <field name="Value">TL082</field>
        <field name="Datasheet">http://www.ti.com/lit/ds/symlink/tl081.pdf</field>
      </fields>
      <pins>
        <pin num="1" name="" type="output"/>
        <pin num="2" name="-" type="input"/>
        <pin num="3" name="+" type="input"/>
        <pin num="4" name="V-" type="power_in"/>
        <pin num="5" name="+" type="input"/>
        <pin num="6" name="-" type="input"/>
        <pin num="7" name="" type="output"/>
        <pin num="8" name="V+" type="power_in"/>
      </pins>
    </libpart>
    <libpart lib="Connector" part="Conn_01x02_Socket">
      <description>Generic connector, single row, 01x02, script generated</description>
      <docs>~</docs>
      <footprints>
        <fp>Connector*:*_1x??_*</fp>
      </footprints>
      <fields>
        <field name="Reference">J</field>
        <field name="Value">Conn_01x02_Socket</field>
        <field name="Datasheet">~</field>
      </fields>
      <pins>
        <pin num="1" name="Pin_1" type="passive"/>
        <pin num="2" name="Pin_2" type="passive"/>
      </pins>
    </libpart>
    <libpart lib="Connector" part="Conn_01x03_Socket">
      <description>Generic connector, single row, 01x03, script generated</description>
      <docs>~</docs>
      <footprints>
        <fp>Connector*:*_1x??_*</fp>
      </footprints>
      <fields>
        <field name="Reference">J</field>
        <field name="Value">Conn_01x03_Socket</field>
        <field name="Datasheet">~</field>
      </fields>
      <pins>
        <pin num="1" name="Pin_1" type="passive"/>
        <pin num="2" name="Pin_2" type="passive"/>
        <pin num="3" name="Pin_3" type="passive"/>
      </pins>
    </libpart>
    <libpart lib="Connector" part="Conn_01x05_Socket">
      <description>Generic connector, single row, 01x05, script generated</description>
      <docs>~</docs>
      <footprints>
        <fp>Connector*:*_1x??_*</fp>
      </footprints>
      <fields>
        <field name="Reference">J</field>
        <field name="Value">Conn_01x05_Socket</field>
        <field name="Datasheet">~</field>
      </fields>
      <pins>
        <pin num="1" name="Pin_1" type="passive"/>
        <pin num="2" name="Pin_2" type="passive"/>
        <pin num="3" name="Pin_3" type="passive"/>
        <pin num="4" name="Pin_4" type="passive"/>
        <pin num="5" name="Pin_5" type="passive"/>
      </pins>
    </libpart>
    <libpart lib="Connector_Generic" part="Conn_02x04_Odd_Even">
      <description>Generic connector, double row, 02x04, odd/even pin numbering scheme (row 1 odd numbers, row 2 even numbers), script generated (kicad-library-utils/schlib/autogen/connector/)</description>
      <docs>~</docs>
      <footprints>
        <fp>Connector*:*_2x??_*</fp>
      </footprints>
      <fields>
        <field name="Reference">J</field>
        <field name="Value">Conn_02x04_Odd_Even</field>
        <field name="Datasheet">~</field>
      </fields>
      <pins>
        <pin num="1" name="Pin_1" type="passive"/>
        <pin num="2" name="Pin_2" type="passive"/>
        <pin num="3" name="Pin_3" type="passive"/>
        <pin num="4" name="Pin_4" type="passive"/>
        <pin num="5" name="Pin_5" type="passive"/>
        <pin num="6" name="Pin_6" type="passive"/>
        <pin num="7" name="Pin_7" type="passive"/>
        <pin num="8" name="Pin_8" type="passive"/>
      </pins>
    </libpart>
    <libpart lib="Device" part="C">
      <description>Unpolarized capacitor</description>
      <docs>~</docs>
      <footprints>
        <fp>C_*</fp>
      </footprints>
      <fields>
        <field name="Reference">C</field>
        <field name="Value">C</field>
        <field name="Datasheet">~</field>
      </fields>
      <pins>
        <pin num="1" name="" type="passive"/>
        <pin num="2" name="" type="passive"/>
      </pins>
    </libpart>
    <libpart lib="Device" part="R">
      <description>Resistor</description>
      <docs>~</docs>
      <footprints>
        <fp>R_*</fp>
      </footprints>
      <fields>
        <field name="Reference">R</field>
        <field name="Value">R</field>
        <field name="Datasheet">~</field>
      </fields>
      <pins>
        <pin num="1" name="" type="passive"/>
        <pin num="2" name="" type="passive"/>
      </pins>
    </libpart>
  </libparts>
  <libraries>
    <library logical="Amplifier_Operational">
      <uri>D:\Program Files\KiCad 7\7.0\share\kicad\symbols\/Amplifier_Operational.kicad_sym</uri>
    </library>
    <library logical="Connector">
      <uri>D:\Program Files\KiCad 7\7.0\share\kicad\symbols\/Connector.kicad_sym</uri>
    </library>
    <library logical="Connector_Generic">
      <uri>D:\Program Files\KiCad 7\7.0\share\kicad\symbols\/Connector_Generic.kicad_sym</uri>
    </library>
    <library logical="Device">
      <uri>D:\Program Files\KiCad 7\7.0\share\kicad\symbols\/Device.kicad_sym</uri>
    </library>
  </libraries>
  <nets>
    <net code="1" name="+3.3V">
      <node ref="J2" pin="2" pinfunction="Pin_2" pintype="passive"/>
      <node ref="J4" pin="4" pinfunction="Pin_4" pintype="passive"/>
      <node ref="R1" pin="2" pintype="passive"/>
      <node ref="R10" pin="2" pintype="passive"/>
      <node ref="R13" pin="1" pintype="passive"/>
      <node ref="R29" pin="1" pintype="passive"/>
      <node ref="R7" pin="1" pintype="passive"/>
      <node ref="U3" pin="8" pinfunction="V+" pintype="power_in"/>
      <node ref="U4" pin="8" pinfunction="V+" pintype="power_in"/>
    </net>
    <net code="2" name="+12V">
      <node ref="J4" pin="1" pinfunction="Pin_1" pintype="passive"/>
      <node ref="J4" pin="3" pinfunction="Pin_3" pintype="passive"/>
      <node ref="R17" pin="2" pintype="passive"/>
      <node ref="R26" pin="2" pintype="passive"/>
      <node ref="U2" pin="4" pinfunction="V+" pintype="power_in"/>
    </net>
    <net code="3" name="GND">
      <node ref="C10" pin="2" pintype="passive"/>
      <node ref="C11" pin="2" pintype="passive"/>
      <node ref="J1" pin="3" pinfunction="Pin_3" pintype="passive"/>
      <node ref="J10" pin="5" pinfunction="Pin_5" pintype="passive"/>
      <node ref="J10" pin="7" pinfunction="Pin_7" pintype="passive"/>
      <node ref="J2" pin="1" pinfunction="Pin_1" pintype="passive"/>
      <node ref="J3" pin="2" pinfunction="Pin_2" pintype="passive"/>
      <node ref="J4" pin="2" pinfunction="Pin_2" pintype="passive"/>
      <node ref="J5" pin="3" pinfunction="Pin_3" pintype="passive"/>
      <node ref="J6" pin="2" pinfunction="Pin_2" pintype="passive"/>
      <node ref="J6" pin="3" pinfunction="Pin_3" pintype="passive"/>
      <node ref="J7" pin="2" pinfunction="Pin_2" pintype="passive"/>
      <node ref="J7" pin="3" pinfunction="Pin_3" pintype="passive"/>
      <node ref="J9" pin="3" pinfunction="Pin_3" pintype="passive"/>
      <node ref="R11" pin="1" pintype="passive"/>
      <node ref="R14" pin="1" pintype="passive"/>
      <node ref="R18" pin="1" pintype="passive"/>
      <node ref="R2" pin="1" pintype="passive"/>
      <node ref="R27" pin="1" pintype="passive"/>
      <node ref="R30" pin="2" pintype="passive"/>
      <node ref="R8" pin="1" pintype="passive"/>
      <node ref="U2" pin="11" pinfunction="V-" pintype="power_in"/>
      <node ref="U3" pin="4" pinfunction="V-" pintype="power_in"/>
      <node ref="U4" pin="4" pinfunction="V-" pintype="power_in"/>
    </net>
    <net code="4" name="Net-(C1-Pad2)">
      <node ref="C1" pin="2" pintype="passive"/>
      <node ref="R3" pin="2" pintype="passive"/>
    </net>
    <net code="5" name="Net-(C3-Pad2)">
      <node ref="C3" pin="2" pintype="passive"/>
      <node ref="R6" pin="2" pintype="passive"/>
    </net>
    <net code="6" name="Net-(C5-Pad2)">
      <node ref="C5" pin="2" pintype="passive"/>
      <node ref="R9" pin="2" pintype="passive"/>
    </net>
    <net code="7" name="Net-(C7-Pad2)">
      <node ref="C7" pin="2" pintype="passive"/>
      <node ref="R15" pin="2" pintype="passive"/>
    </net>
    <net code="8" name="Net-(C10-Pad1)">
      <node ref="C10" pin="1" pintype="passive"/>
      <node ref="R24" pin="2" pintype="passive"/>
    </net>
    <net code="9" name="Net-(C11-Pad1)">
      <node ref="C11" pin="1" pintype="passive"/>
      <node ref="C12" pin="1" pintype="passive"/>
      <node ref="R22" pin="1" pintype="passive"/>
      <node ref="R28" pin="2" pintype="passive"/>
    </net>
    <net code="10" name="Net-(J1-Pin_1)">
      <node ref="C2" pin="2" pintype="passive"/>
      <node ref="J1" pin="1" pinfunction="Pin_1" pintype="passive"/>
      <node ref="R5" pin="1" pintype="passive"/>
      <node ref="U3" pin="1" pintype="output"/>
    </net>
    <net code="11" name="Net-(J1-Pin_2)">
      <node ref="C3" pin="1" pintype="passive"/>
      <node ref="J1" pin="2" pinfunction="Pin_2" pintype="passive"/>
    </net>
    <net code="12" name="Net-(J4-Pin_5)">
      <node ref="J4" pin="5" pinfunction="Pin_5" pintype="passive"/>
      <node ref="R29" pin="2" pintype="passive"/>
      <node ref="R30" pin="1" pintype="passive"/>
    </net>
    <net code="13" name="Net-(J5-Pin_1)">
      <node ref="C9" pin="2" pintype="passive"/>
      <node ref="J5" pin="1" pinfunction="Pin_1" pintype="passive"/>
    </net>
    <net code="14" name="Net-(J5-Pin_2)">
      <node ref="J5" pin="2" pinfunction="Pin_2" pintype="passive"/>
      <node ref="R19" pin="1" pintype="passive"/>
    </net>
    <net code="15" name="Net-(J9-Pin_1)">
      <node ref="C6" pin="2" pintype="passive"/>
      <node ref="J9" pin="1" pinfunction="Pin_1" pintype="passive"/>
      <node ref="R12" pin="1" pintype="passive"/>
      <node ref="U4" pin="1" pintype="output"/>
    </net>
    <net code="16" name="Net-(J9-Pin_2)">
      <node ref="C7" pin="1" pintype="passive"/>
      <node ref="J9" pin="2" pinfunction="Pin_2" pintype="passive"/>
    </net>
    <net code="17" name="Net-(R25-Pad1)">
      <node ref="R25" pin="1" pintype="passive"/>
      <node ref="R26" pin="1" pintype="passive"/>
      <node ref="R27" pin="2" pintype="passive"/>
    </net>
    <net code="18" name="Net-(U1A-+)">
      <node ref="C12" pin="2" pintype="passive"/>
      <node ref="R25" pin="2" pintype="passive"/>
      <node ref="U1" pin="3" pinfunction="+" pintype="input"/>
    </net>
    <net code="19" name="Net-(U1A--)">
      <node ref="R23" pin="2" pintype="passive"/>
      <node ref="R24" pin="1" pintype="passive"/>
      <node ref="U1" pin="2" pinfunction="-" pintype="input"/>
    </net>
    <net code="20" name="Net-(U1C-+)">
      <node ref="R17" pin="1" pintype="passive"/>
      <node ref="R18" pin="2" pintype="passive"/>
      <node ref="U1" pin="10" pinfunction="+" pintype="input"/>
    </net>
    <net code="21" name="Net-(U1C--)">
      <node ref="R19" pin="2" pintype="passive"/>
      <node ref="R21" pin="1" pintype="passive"/>
      <node ref="U1" pin="9" pinfunction="-" pintype="input"/>
    </net>
    <net code="22" name="Net-(U1D-+)">
      <node ref="R21" pin="2" pintype="passive"/>
      <node ref="U1" pin="12" pinfunction="+" pintype="input"/>
      <node ref="U1" pin="8" pintype="output"/>
    </net>
    <net code="23" name="Net-(U1D--)">
      <node ref="R28" pin="1" pintype="passive"/>
      <node ref="U1" pin="13" pinfunction="-" pintype="input"/>
      <node ref="U1" pin="14" pintype="output"/>
    </net>
    <net code="24" name="Net-(U3A-+)">
      <node ref="R1" pin="1" pintype="passive"/>
      <node ref="R2" pin="2" pintype="passive"/>
      <node ref="U3" pin="3" pinfunction="+" pintype="input"/>
    </net>
    <net code="25" name="Net-(U3A--)">
      <node ref="C2" pin="1" pintype="passive"/>
      <node ref="R3" pin="1" pintype="passive"/>
      <node ref="R5" pin="2" pintype="passive"/>
      <node ref="U3" pin="2" pinfunction="-" pintype="input"/>
    </net>
    <net code="26" name="Net-(U3B-+)">
      <node ref="R7" pin="2" pintype="passive"/>
      <node ref="R8" pin="2" pintype="passive"/>
      <node ref="U3" pin="5" pinfunction="+" pintype="input"/>
    </net>
    <net code="27" name="Net-(U3B--)">
      <node ref="C4" pin="1" pintype="passive"/>
      <node ref="R4" pin="2" pintype="passive"/>
      <node ref="R6" pin="1" pintype="passive"/>
      <node ref="U3" pin="6" pinfunction="-" pintype="input"/>
    </net>
    <net code="28" name="Net-(U4A-+)">
      <node ref="R10" pin="1" pintype="passive"/>
      <node ref="R11" pin="2" pintype="passive"/>
      <node ref="U4" pin="3" pinfunction="+" pintype="input"/>
    </net>
    <net code="29" name="Net-(U4A--)">
      <node ref="C6" pin="1" pintype="passive"/>
      <node ref="R12" pin="2" pintype="passive"/>
      <node ref="R9" pin="1" pintype="passive"/>
      <node ref="U4" pin="2" pinfunction="-" pintype="input"/>
    </net>
    <net code="30" name="Net-(U4B-+)">
      <node ref="R13" pin="2" pintype="passive"/>
      <node ref="R14" pin="2" pintype="passive"/>
      <node ref="U4" pin="5" pinfunction="+" pintype="input"/>
    </net>
    <net code="31" name="Net-(U4B--)">
      <node ref="C8" pin="1" pintype="passive"/>
      <node ref="R15" pin="1" pintype="passive"/>
      <node ref="R16" pin="2" pintype="passive"/>
      <node ref="U4" pin="6" pinfunction="-" pintype="input"/>
    </net>
    <net code="32" name="RxIn">
      <node ref="J10" pin="1" pinfunction="Pin_1" pintype="passive"/>
      <node ref="J10" pin="3" pinfunction="Pin_3" pintype="passive"/>
      <node ref="J2" pin="3" pinfunction="Pin_3" pintype="passive"/>
    </net>
    <net code="33" name="RxIn1">
      <node ref="C1" pin="1" pintype="passive"/>
      <node ref="J10" pin="2" pinfunction="Pin_2" pintype="passive"/>
      <node ref="J10" pin="6" pinfunction="Pin_6" pintype="passive"/>
    </net>
    <net code="34" name="RxIn2">
      <node ref="C5" pin="1" pintype="passive"/>
      <node ref="J10" pin="4" pinfunction="Pin_4" pintype="passive"/>
      <node ref="J10" pin="8" pinfunction="Pin_8" pintype="passive"/>
    </net>
    <net code="35" name="RxOut1">
      <node ref="C4" pin="2" pintype="passive"/>
      <node ref="J6" pin="1" pinfunction="Pin_1" pintype="passive"/>
      <node ref="R4" pin="1" pintype="passive"/>
      <node ref="U3" pin="7" pintype="output"/>
    </net>
    <net code="36" name="RxOut2">
      <node ref="C8" pin="2" pintype="passive"/>
      <node ref="J7" pin="1" pinfunction="Pin_1" pintype="passive"/>
      <node ref="R16" pin="1" pintype="passive"/>
      <node ref="U4" pin="7" pintype="output"/>
    </net>
    <net code="37" name="TxIn">
      <node ref="C9" pin="1" pintype="passive"/>
    </net>
    <net code="38" name="TxOut">
      <node ref="J3" pin="1" pinfunction="Pin_1" pintype="passive"/>
      <node ref="R22" pin="2" pintype="passive"/>
      <node ref="R23" pin="1" pintype="passive"/>
      <node ref="U1" pin="1" pintype="output"/>
    </net>
    <net code="39" name="unconnected-(U1-Pad7)">
      <node ref="U1" pin="7" pintype="output"/>
    </net>
    <net code="40" name="unconnected-(U1B-+-Pad5)">
      <node ref="U1" pin="5" pinfunction="+" pintype="input"/>
    </net>
    <net code="41" name="unconnected-(U1B---Pad6)">
      <node ref="U1" pin="6" pinfunction="-" pintype="input"/>
    </net>
    <net code="42" name="unconnected-(U1E-V+-Pad4)">
      <node ref="U1" pin="4" pinfunction="V+" pintype="power_in"/>
    </net>
    <net code="43" name="unconnected-(U1E-V--Pad11)">
      <node ref="U1" pin="11" pinfunction="V-" pintype="power_in"/>
    </net>
  </nets>
</export>
